,Medicine_Name,Uses,Side_effects,Image_URL
0,Paracetamol,Treatment of pain and fever,Prolonged or excessive use of paracetamol may lead to liver damage.,"https://onemg.gumlet.io/l_watermark_346,w_480,h_480/a_ignore,w_480,h_480,c_fit,q_auto,f_auto/d67399dbc9a3455eb96add09ad689772.jpg"
1,clobetasol propionate ,Treatment of inflammation, itching,"https://onemg.gumlet.io/l_watermark_346,w_480,h_480/a_ignore,w_480,h_480,c_fit,q_auto,f_auto/ottlgeuzscpkattx3dtu.jpg"
2,clonidine hcl,Treatment of hypertension , ADHD,"https://onemg.gumlet.io/l_watermark_346,w_480,h_480/a_ignore,w_480,h_480,c_fit,q_auto,f_auto/cropped/o8shqjt3qcjg4qvxj5qi.jpg"
3,telmisartan hydrochlorothiazide,Treatment of hypertension,"Common side effects of telmisartan hydrochlorothiazide may include dizziness, lightheadedness, and increased levels of potassium in the blood.,https://onemg.gumlet.io/l_watermark_346","https://onemg.gumlet.io/l_watermark_346,w_480,h_480/a_ignore,w_480,h_480,c_fit,q_auto,f_auto/cropped/o8shqjt3qcjg4qvxj5qi.jpg"
4,Lacotide 50, Epilepsy/Seizures,Dizziness Headache Nausea Sleepiness Vomiting Visual disturbance Dryness in mouth Muscle spasm,"https://onemg.gumlet.io/l_watermark_346,w_480,h_480/a_ignore,w_480,h_480,c_fit,q_auto,f_auto/9f21a1db5e5a4ca9af87936f0d34dd93.jpg"
5,Telpres CT 40/12.5, Hypertension (high blood pressure),Dizziness Back pain Sinus infection Diarrhea Skin ulcer,"https://onemg.gumlet.io/l_watermark_346,w_480,h_480/a_ignore,w_480,h_480,c_fit,q_auto,f_auto/003a772f9a324f5688a9e706dec35e78.jpg"
6,Acitrom 2,Treatment and prevention of Blood clots,Hemorrhage,"https://onemg.gumlet.io/l_watermark_346,w_480,h_480/a_ignore,w_480,h_480,c_fit,q_auto,f_auto/cropped/uo9v3rybrau5xkqzscnb.jpg"
7,SGK, Fungal skin infections,Skin peeling Application site reactions burning irritation itching and redness Nausea Vomiting Abdominal pain Increased liver enzymes Application site redness Itching Diarrhea Abnormal liver function tests Adrenal insufficiency Application site burning,"https://onemg.gumlet.io/l_watermark_346,w_480,h_480/a_ignore,w_480,h_480,c_fit,q_auto,f_auto/cropped/t2h1xyychymdwyxgn2ng.jpg"
8,Kitmox,Treatment of Bacterial eye infections,Eye discomfort Dry eye Burning sensation in eye,"https://onemg.gumlet.io/l_watermark_346,w_480,h_480/a_ignore,w_480,h_480,c_fit,q_auto,f_auto/cropped/fbsrnwsp2ruknr0gt4zd.jpg"
9,Arvast 30,Treatment of High cholesterol Prevention of heart attack and stroke,Muscle pain Weakness Headache Abdominal pain Dizziness Joint pain Nausea,"https://onemg.gumlet.io/l_watermark_346,w_480,h_480/a_ignore,w_480,h_480,c_fit,q_auto,f_auto/c71360db27df440d90b8018cf5965346.jpg"
10,Peroclin 2.5%, Acne,Erythema skin redness Skin peeling Dryness Burning sensation Itching Stinging sensation,"https://onemg.gumlet.io/l_watermark_346,w_480,h_480/a_ignore,w_480,h_480,c_fit,q_auto,f_auto/cropped/d0yseociq8otftnr0r88.jpg"
11,Razo-D,Treatment of Gastroesophageal reflux disease (Acid reflux)Treatment of Peptic ulcer disease,Diarrhea Stomach pain Dryness in mouth Headache Dizziness Flatulence Weakness Flu like symptoms,"https://onemg.gumlet.io/l_watermark_346,w_480,h_480/a_ignore,w_480,h_480,c_fit,q_auto,f_auto/cropped/k1prpe5g3ed5on5rutmc.jpg"
12,Lulisol,Treatment of Fungal skin infections,Application site reactions burning irritation itching and redness Dry skin Skin peeling Blisters on skin,"https://onemg.gumlet.io/l_watermark_346,w_480,h_480/a_ignore,w_480,h_480,c_fit,q_auto,f_auto/7ec6da882ed24162bae254dd8fdd01ad.jpg"
13,Telsar Beta 25  ER,Treatment of Hypertension (high blood pressure),Headache Weakness Dizziness Cold extremities Slow heart rate Increased potassium level in blood Numbness of extremity Decreased blood pressure,"https://onemg.gumlet.io/l_watermark_346,w_480,h_480/a_ignore,w_480,h_480,c_fit,q_auto,f_auto/cropped/ojwyvqkuu5cssi5zdmpd.jpg"
14,Effenac AB,Treatment of Chronic obstructive pulmonary disease (COPD),Vomiting Heartburn Stomach pain Upset stomach Rash Hives Itching Breathing problems Nasal inflammation Increased white blood cell count,"https://onemg.gumlet.io/l_watermark_346,w_480,h_480/a_ignore,w_480,h_480,c_fit,q_auto,f_auto/079501cfd4d34effa307cfe0157705c5.jpg"
15,Ect Plus,Treatment of Pain due to muscle spasm,Diarrhea Stomach pain Indigestion Flatulence Swelling of hands Feet swelling Flu like symptoms,"https://onemg.gumlet.io/l_watermark_346,w_480,h_480/a_ignore,w_480,h_480,c_fit,q_auto,f_auto/dc3cb11d0bf64949b84990c68fec8658.jpg"
16,Betnesol,Treatment of Allergic conditions,Reduction in bone density Upset stomach,"https://onemg.gumlet.io/l_watermark_346,w_480,h_480/a_ignore,w_480,h_480,c_fit,q_auto,f_auto/cropped/n8rhf5anjdqdinravdib.jpg"
17,Valzaar 80, Hypertension (high blood pressure) Heart failure Prevention of heart attack and stroke,Headache Dizziness Flu like symptoms Stomach pain Decreased blood pressure Diarrhea Back pain Rash Increased creatinine level in blood,"https://onemg.gumlet.io/l_watermark_346,w_480,h_480/a_ignore,w_480,h_480,c_fit,q_auto,f_auto/cropped/byavbqnfeiimjlvyjycf.png"
18,Rizact 5, Acute migraine headache,Dizziness Dryness in mouth Heaviness Jaw pain Nausea Neck pain Sleepiness Throat pain Weakness,"https://onemg.gumlet.io/l_watermark_346,w_480,h_480/a_ignore,w_480,h_480,c_fit,q_auto,f_auto/cropped/g50j18gj8i0hwsr3pbli.jpg"
19,Amtas-M 25  PR,Treatment of Hypertension (high blood pressure),Nausea Slow heart rate Abdominal pain Dizziness Fatigue Sleepiness Ankle swelling Constipation Edema swelling Flushing sense of warmth in the face ears neck and trunk Palpitations Headache Vomiting Visual disturbance Orthostatic hypotension sudden lowering of blood pressure on standing Breathlessness Muscle cramp,"https://onemg.gumlet.io/l_watermark_346,w_480,h_480/a_ignore,w_480,h_480,c_fit,q_auto,f_auto/cropped/upfwnbddny8llf3w7pnp.jpg"
20,Evoxil CV 500mg/125mg,Treatment of Bacterial infections,Vomiting Nausea Diarrhea Mucocutaneous candidiasis,"https://onemg.gumlet.io/l_watermark_346,w_480,h_480/a_ignore,w_480,h_480,c_fit,q_auto,f_auto/aa55bf8ba8ab42868039f4cc2edcb816.jpg"
21,Trioptal 300, Epilepsy/Seizures,Headache Nausea Vomiting Fatigue Dizziness Nystagmus involuntary eye movement Tremors Vertigo Drowsiness Abnormality of voluntary movements Abnormal gait Visual disturbance Increased sodium level in blood,"https://onemg.gumlet.io/l_watermark_346,w_480,h_480/a_ignore,w_480,h_480,c_fit,q_auto,f_auto/cropped/txbrndbmne5rhcgz36ey.jpg"
22,Novamox 250 Rediuse Oral Suspension,Treatment of Bacterial infections,Nausea Diarrhea Skin rash Vomiting,"https://onemg.gumlet.io/l_watermark_346,w_480,h_480/a_ignore,w_480,h_480,c_fit,q_auto,f_auto/9be88607386e4025ae93b5342b07429f.jpg"
23,Topcef 200  DT,Treatment of Bacterial infections,Nausea Stomach pain Indigestion Diarrhea,"https://onemg.gumlet.io/l_watermark_346,w_480,h_480/a_ignore,w_480,h_480,c_fit,q_auto,f_auto/cropped/d8wzecgihaqp5sdegyel.jpg"
24,Glimet DS,Treatment of Type 2 diabetes mellitus,Hypoglycemia low blood glucose level Diarrhea Headache Upper respiratory tract infection,"https://onemg.gumlet.io/l_watermark_346,w_480,h_480/a_ignore,w_480,h_480,c_fit,q_auto,f_auto/cropped/ka3ib4wvl2zrfsbbry1w.jpg"
25,Onoff 400mg,Treatment of Bacterial infections,Nausea Headache Dizziness Itching Insomnia difficulty in sleeping Rash Genital itching Vaginal inflammation Phlebitis Injection site reactions pain swelling redness,"https://onemg.gumlet.io/l_watermark_346,w_480,h_480/a_ignore,w_480,h_480,c_fit,q_auto,f_auto/797ced4b941f41009f9b192965391130.jpg"
26,Venusmin 900,Treatment of Varicose veinsTreatment of PilesTreatment of Lymphedema,Abdominal pain Diarrhea Headache Nausea,"https://onemg.gumlet.io/l_watermark_346,w_480,h_480/a_ignore,w_480,h_480,c_fit,q_auto,f_auto/cropped/ffcou1xwog5ftgchp1sx.jpg"
27,Pari CR 25,Treatment of DepressionTreatment of Panic disorderTreatment of Anxiety disorder,Nausea Fatigue Dryness in mouth Loss of appetite Increased sweating Dizziness Nervousness Tremors Low sexual desire Insomnia difficulty in sleeping Confusion Constipation Erectile dysfunction Delayed ejaculation Decreased libido,"https://onemg.gumlet.io/l_watermark_346,w_480,h_480/a_ignore,w_480,h_480,c_fit,q_auto,f_auto/84ee231a23524393b2e975fe8ea21ac5.jpg"
28,Atorsave 10, High cholesterolPrevention of Heart attack,Dyspepsia Abdominal pain Indigestion Diarrhea Joint pain Nasopharyngitis inflammation of the throat and nasal passages Nausea Pain in extremities Urinary tract infection Abnormal liver function tests,"https://onemg.gumlet.io/l_watermark_346,w_480,h_480/a_ignore,w_480,h_480,c_fit,q_auto,f_auto/cropped/hipbtqdyjvwbmgqkkciv.jpg"
29,Proluton Depot 500mg/2ml,Prevention of Premature Labor,Injection site pain Injection site swelling Red spots or bumps Rash,"https://onemg.gumlet.io/l_watermark_346,w_480,h_480/a_ignore,w_480,h_480,c_fit,q_auto,f_auto/cropped/vgw8n171dyzxlsd2drfk.jpg"
30,Efnocar 20,Treatment of Hypertension (high blood pressure),Headache Palpitations Hot flushes Flushing of face,"https://onemg.gumlet.io/l_watermark_346,w_480,h_480/a_ignore,w_480,h_480,c_fit,q_auto,f_auto/cropped/wtl6ovlddbvdn9mp2hde.jpg"
31,Meftagesic P  50mg/125mg  DT, Pain reliefTreatment of Fever,Nausea Vomiting Abdominal pain Heartburn Diarrhea Dizziness,"https://onemg.gumlet.io/l_watermark_346,w_480,h_480/a_ignore,w_480,h_480,c_fit,q_auto,f_auto/22f1a79d44114f3b8c5cfc49c49852ab.jpg"
32,Vinglyn,Treatment of Type 2 diabetes mellitus,Hypoglycemia low blood glucose level Tremors Headache Dizziness Fatigue Nausea,"https://onemg.gumlet.io/l_watermark_346,w_480,h_480/a_ignore,w_480,h_480,c_fit,q_auto,f_auto/cropped/a1h7d4nvndnd3j6snvn0.jpg"
33,Evict XF,Treatment of ConstipationTreatment of Hepatic encephalopathy,Abdominal pain Nausea Vomiting Diarrhea,"https://onemg.gumlet.io/l_watermark_346,w_480,h_480/a_ignore,w_480,h_480,c_fit,q_auto,f_auto/ykgssmtxdqgun8vf6hvi.jpg"
34,Nucoxia D3, Pain relief,Diarrhea Stomach pain Indigestion Flatulence Swelling of hands Feet swelling Flu like symptoms,"https://onemg.gumlet.io/l_watermark_346,w_480,h_480/a_ignore,w_480,h_480,c_fit,q_auto,f_auto/cropped/xgshasu0tsknybd1og8n.jpg"
35,Salbair I Neb 0.63mg Transpules 2.5ml,Treatment of Chronic obstructive pulmonary disease (COPD),Dryness in mouth Breathlessness Cough Tremors Headache Palpitations Muscle cramp,"https://onemg.gumlet.io/l_watermark_346,w_480,h_480/a_ignore,w_480,h_480,c_fit,q_auto,f_auto/cropped/wfcmlyszxqbm6pkcccni.jpg"
36,Nuflucon, Ear infectionTreatment of Fungal infections,Ear discomfort Headache Nausea Stomach pain,"https://onemg.gumlet.io/l_watermark_346,w_480,h_480/a_ignore,w_480,h_480,c_fit,q_auto,f_auto/cropped/jcpks6yrv752g6xrszg5.png"
37,Riax-M XR 5mg/1000mg,Treatment of Type 2 diabetes mellitus,Hypoglycemia low blood glucose level Nausea Vomiting Diarrhea Decreased appetite Urinary tract infection,"https://onemg.gumlet.io/l_watermark_346,w_480,h_480/a_ignore,w_480,h_480,c_fit,q_auto,f_auto/cropped/sdnlidgeogzi6givnvby.jpg"
38,Telista-CH 80, Hypertension (high blood pressure),Dizziness Back pain Sinus infection Diarrhea Skin ulcer,"https://onemg.gumlet.io/l_watermark_346,w_480,h_480/a_ignore,w_480,h_480,c_fit,q_auto,f_auto/cropped/lnexvkpcxatllnorhssz.jpg"
39,MTnL,Treatment of Sneezing and runny nose due to allergiesTreatment of Hay feverTreatment of Allergic skin conditions,Nausea Diarrhea Dryness in mouth Fatigue Headache Skin rash Sleepiness Vomiting,"https://onemg.gumlet.io/l_watermark_346,w_480,h_480/a_ignore,w_480,h_480,c_fit,q_auto,f_auto/cropped/xgfvyp5mnd2x7vmmct1y.jpg"
40,Powergesic,Treatment of Pain due to muscle spasm,Nausea Vomiting Heartburn Stomach pain Diarrhea Loss of appetite Dryness in mouth,"https://onemg.gumlet.io/l_watermark_346,w_480,h_480/a_ignore,w_480,h_480,c_fit,q_auto,f_auto/gmr0ibfexkpsbpz8wh1o.jpg"
41,LCZ-XP Expectorant, Cough with mucus,Nausea Diarrhea Vomiting Dryness in mouth Stomach discomfort Allergic reaction Dizziness Headache Rash Hives Fatigue Sleepiness,"https://onemg.gumlet.io/l_watermark_346,w_480,h_480/a_ignore,w_480,h_480,c_fit,q_auto,f_auto/7ad4872279da4c508a56a185c920a622.jpg"
42,Olzic 5,Treatment of SchizophreniaTreatment of Mania,Dizziness Sleepiness Orthostatic hypotension sudden lowering of blood pressure on standing Dryness in mouth Weight gain Increased prolactin level in blood Constipation Muscle stiffness Restlessness Tremors,"https://onemg.gumlet.io/l_watermark_346,w_480,h_480/a_ignore,w_480,h_480,c_fit,q_auto,f_auto/cropped/sj3pkadfjniquozkyv8o.jpg"
43,Atenex 25mg,Treatment of Hypertension (high blood pressure)Treatment of Angina (heart-related chest pain)Treatment of ArrhythmiaPrevention of Heart attack,Fatigue Slow heart rate Cold extremities Gastrointestinal disturbance,"https://onemg.gumlet.io/l_watermark_346,w_480,h_480/a_ignore,w_480,h_480,c_fit,q_auto,f_auto/f31qdw5daglkmhlo0vnf.jpg"
44,Prutrip 25mg,Treatment of AnxietyTreatment of Skin conditions with inflammation & itching,Sedation Nausea Vomiting Upset stomach Constipation,"https://onemg.gumlet.io/l_watermark_346,w_480,h_480/a_ignore,w_480,h_480,c_fit,q_auto,f_auto/cce4a3a9217e440ea838e58b74085eb3.jpg"
45,Nexovas O 40, Hypertension (high blood pressure),Ankle swelling Headache Dizziness Tiredness Palpitations Increased potassium level in blood Sleepiness Taste change Flushing sense of warmth in the face ears neck and trunk Upset stomach,"https://onemg.gumlet.io/l_watermark_346,w_480,h_480/a_ignore,w_480,h_480,c_fit,q_auto,f_auto/cropped/qw5qbvg5afzrlfzqmaqp.jpg"
46,Myelostat 500mg, Head and neck cancer Sickle cell anemia,Hematological disorder Gastrointestinal disorder Eating disorder Azoospermia absence of sperms Decreased appetite Fever Oligospermia low sperm count Skin cancer Bone marrow suppression Hallucination Convulsion Peripheral neuropathy tingling and numbness of feet and hand Pulmonary fibrosis Pulmonary edema Pancreatic inflammation Liver toxicity Cutaneous vasculitis Increased uric acid level in blood,"https://onemg.gumlet.io/l_watermark_346,w_480,h_480/a_ignore,w_480,h_480,c_fit,q_auto,f_auto/atfmocm6tcw7qvkmzdsj.jpg"
47,Rabicip 20,Treatment of Gastroesophageal reflux disease (Acid reflux)Treatment of Peptic ulcer diseaseTreatment of Zollinger-Ellison syndrome,Diarrhea Dizziness Flatulence Headache Nausea Sore throat Stomach pain Vomiting,"https://onemg.gumlet.io/l_watermark_346,w_480,h_480/a_ignore,w_480,h_480,c_fit,q_auto,f_auto/cropped/x4dxhayt1hrungwkhhjy.jpg"
48,Olkem  20, Hypertension (high blood pressure) Heart failure Prevention of heart attack and stroke,Cough Diarrhea Dizziness Flu like symptoms Headache Indigestion Nausea Runny nose Sore throat Stomach pain Blood in urine Chest pain,"https://onemg.gumlet.io/l_watermark_346,w_480,h_480/a_ignore,w_480,h_480,c_fit,q_auto,f_auto/cropped/mq2hwcwnuww5dz3xrd2e.jpg"
49,Topisal 6%,Treatment of EczemaTreatment of Psoriasis,Skin peeling Thinning of skin Application site reactions burning irritation itching and redness,"https://onemg.gumlet.io/l_watermark_346,w_480,h_480/a_ignore,w_480,h_480,c_fit,q_auto,f_auto/0a1913cdfe1b47eda5dd82d370fd59b5.jpg"
50,Joykem ODT 300, Schizophrenia,Nausea Vomiting Dryness in mouth Constipation Weight gain Decreased blood pressure Dystonia involuntary muscle contractions Akathisia inability to stay still Parkinsonism Increased prolactin level in blood,"https://onemg.gumlet.io/l_watermark_346,w_480,h_480/a_ignore,w_480,h_480,c_fit,q_auto,f_auto/bac2b7a23dfa4a1ca3ee0e70b89ec9dc.jpg"
51,Mycoderm-C Dusting Powder,Treatment of Fungal skin infections,Blisters Skin peeling Swelling Application site irritation,"https://onemg.gumlet.io/l_watermark_346,w_480,h_480/a_ignore,w_480,h_480,c_fit,q_auto,f_auto/cropped/xokuzbcj3wsdn5jrgk4y.jpg"
52,Fingomod, Multiple sclerosis (MS),Flu Diarrhea Back pain Increased transaminase level in blood Cough,"https://onemg.gumlet.io/l_watermark_346,w_480,h_480/a_ignore,w_480,h_480,c_fit,q_auto,f_auto/cropped/cjzdsqktltqtwoydrkq3.jpg"
53,Novastat CV 10, Heart attack prevention and high cholesterol,Indigestion Diarrhea Stomach pain Constipation Weakness Headache Dizziness Muscle pain Increased glucose level in blood Increased liver enzymes,"https://onemg.gumlet.io/l_watermark_346,w_480,h_480/a_ignore,w_480,h_480,c_fit,q_auto,f_auto/c31670ac7d3c4f07bc22cfa8165dc5f3.jpg"
54,Ocucin, Bacterial eye infectionsTreatment of Bacterial infections,Eye discomfort Nausea Headache Dizziness Itching Insomnia difficulty in sleeping Rash Genital itching Vaginal inflammation Phlebitis Injection site reactions pain swelling redness,"https://onemg.gumlet.io/l_watermark_346,w_480,h_480/a_ignore,w_480,h_480,c_fit,q_auto,f_auto/cropped/rwri0ebrridzchultvss.jpg"
55,Femoston Conti 1mg/5mg, Hormone replacement therapy,Nausea Headache Breast pain Irregular uterine bleeding,"https://onemg.gumlet.io/l_watermark_346,w_480,h_480/a_ignore,w_480,h_480,c_fit,q_auto,f_auto/df067ab905154cd2b1cf848b8c3eba8e.jpg"
56,Tendrone,Treatment of Eczema Severe allergic reactionsTreatment of Allergic conditionsTreatment of CancerTreatment of Skin disordersTreatment of Eye disorders,Application site reactions burning irritation itching and redness,"https://onemg.gumlet.io/l_watermark_346,w_480,h_480/a_ignore,w_480,h_480,c_fit,q_auto,f_auto/cropped/lnoyuuncm9eu34s4lpc4.jpg"
57,Ocid 20,Treatment of HeartburnTreatment of Gastroesophageal reflux disease (Acid reflux)Treatment of Peptic ulcer diseaseTreatment of Zollinger-Ellison syndrome,Diarrhea Flatulence Headache Nausea Vomiting Abdominal pain,"https://onemg.gumlet.io/l_watermark_346,w_480,h_480/a_ignore,w_480,h_480,c_fit,q_auto,f_auto/55dfce8bc94541e3bd2a06e0675af3b7.jpg"
58,Orni-O,Treatment of Bacterial & parasitic infections,Nausea Vomiting Dizziness Headache Insomnia difficulty in sleeping Itching Vaginal inflammation Diarrhea,"https://onemg.gumlet.io/l_watermark_346,w_480,h_480/a_ignore,w_480,h_480,c_fit,q_auto,f_auto/cropped/aqt9mmkghjnqnjf8ytmh.jpg"
59,Envas H, Hypertension (high blood pressure),Nausea Taste change Stomach pain Indigestion Diarrhea Cough Dizziness Headache Weakness Decreased blood pressure Increased uric acid level in blood Glucose intolerance Electrolyte imbalance Increased blood lipid level,"https://onemg.gumlet.io/l_watermark_346,w_480,h_480/a_ignore,w_480,h_480,c_fit,q_auto,f_auto/60e3595379af45898e02d85373e373bc.jpg"
60,Allyte,Treatment of Bacterial infections,Application site reactions burning irritation itching and redness Skin rash Stomach pain Nausea Vomiting Diarrhea,"https://onemg.gumlet.io/l_watermark_346,w_480,h_480/a_ignore,w_480,h_480,c_fit,q_auto,f_auto/gjwpenmydngpbqq6nrlz.jpg"
61,Lejet,Treatment of Allergic conditions,Sleepiness Fatigue Dryness in mouth Headache Vomiting Nasopharyngitis inflammation of the throat and nasal passages,"https://onemg.gumlet.io/l_watermark_346,w_480,h_480/a_ignore,w_480,h_480,c_fit,q_auto,f_auto/cropped/bgw16paftezhwcetuvru.jpg"
62,Pirox  30gm for Skin Infections, Pain relief,No common side effects seen Vomiting Stomach pain Nausea Headache Dizziness,"https://onemg.gumlet.io/l_watermark_346,w_480,h_480/a_ignore,w_480,h_480,c_fit,q_auto,f_auto/p4fooymtmgz89a25yuk1.jpg"
63,Terbiface, Fungal skin infections,Application site reactions burning irritation itching and redness Skin peeling Headache Diarrhea Rash Indigestion Abnormal liver enzyme Itching Taste change Nausea Abdominal pain Flatulence,"https://onemg.gumlet.io/l_watermark_346,w_480,h_480/a_ignore,w_480,h_480,c_fit,q_auto,f_auto/efvgrnnf4oqlavxr16gc.jpg"
64,Xet CR 12.5,Treatment of DepressionTreatment of Panic disorderTreatment of Anxiety disorder,Nausea Fatigue Dryness in mouth Loss of appetite Increased sweating Dizziness Nervousness Tremors Low sexual desire Insomnia difficulty in sleeping Confusion Constipation Erectile dysfunction Delayed ejaculation Decreased libido,"https://onemg.gumlet.io/l_watermark_346,w_480,h_480/a_ignore,w_480,h_480,c_fit,q_auto,f_auto/cropped/opqis2dhf0d5ljynwegg.jpg"
65,Imferon S 20mg, Iron deficiency anemia,Vomiting Dark colored stool Nausea Constipation Diarrhea Injection site reactions pain swelling redness,"https://onemg.gumlet.io/l_watermark_346,w_480,h_480/a_ignore,w_480,h_480,c_fit,q_auto,f_auto/2d7292b927da4dccb0c59b864e12fcb0.jpg"
66,Eva Q Plus  Oral Emulsion Strawberry Mint Sugar Free, Constipation,Abdominal pain Abdominal cramp Abdominal discomfort Diarrhea,"https://onemg.gumlet.io/l_watermark_346,w_480,h_480/a_ignore,w_480,h_480,c_fit,q_auto,f_auto/cropped/i6s1tezecc6esczrardi.jpg"
67,Anthocyn-TX, Melasma,Dry skin Skin rash,"https://onemg.gumlet.io/l_watermark_346,w_480,h_480/a_ignore,w_480,h_480,c_fit,q_auto,f_auto/2a16d2d01f2648ef91e4731bb4046d2a.jpg"
68,Peg-SR M 75,Treatment of Neuropathic pain,Dizziness Sleepiness Tiredness Uncoordinated body movements,"https://onemg.gumlet.io/l_watermark_346,w_480,h_480/a_ignore,w_480,h_480,c_fit,q_auto,f_auto/2dbfe41878774635873862b5ba892384.jpg"
69,Lamifin, Fungal infections,Headache Diarrhea Rash Indigestion Abnormal liver enzyme Itching Taste change Nausea Abdominal pain Flatulence,"https://onemg.gumlet.io/l_watermark_346,w_480,h_480/a_ignore,w_480,h_480,c_fit,q_auto,f_auto/cropped/ctuji16bi33nfpgt8cnq.jpg"
70,Gepride M1  PR,Treatment of Type 2 diabetes mellitus,Hypoglycemia low blood glucose level Headache Nausea Diarrhea Flatulence,"https://onemg.gumlet.io/l_watermark_346,w_480,h_480/a_ignore,w_480,h_480,c_fit,q_auto,f_auto/ae0701a16091475ab4ebd795a67f527a.jpg"
71,Rabopep-L  SR,Treatment of Gastroesophageal reflux disease (Acid reflux)Treatment of Intestinal ulcersTreatment of Irritable bowel syndrome,Nausea Stomach pain Diarrhea Flatulence Constipation Headache Dizziness Weakness Sleepiness Flu like symptoms,"https://onemg.gumlet.io/l_watermark_346,w_480,h_480/a_ignore,w_480,h_480,c_fit,q_auto,f_auto/kvt4vxnqvvjigfmabfkc.jpg"
72,Momesone,Treatment of Skin conditions with inflammation & itching,Stinging sensation Itching Hair follicle inflammation,"https://onemg.gumlet.io/l_watermark_346,w_480,h_480/a_ignore,w_480,h_480,c_fit,q_auto,f_auto/cropped/vcfj7fgjxcyyff8k2hal.jpg"
73,Mfsone,Treatment of Skin conditions with inflammation & itching,Stinging sensation Itching Hair follicle inflammation,"https://onemg.gumlet.io/l_watermark_346,w_480,h_480/a_ignore,w_480,h_480,c_fit,q_auto,f_auto/cropped/di3gbuc2dlebgcnqp8el.jpg"
74,Metosartan 25  ER,Treatment of Hypertension (high blood pressure),Headache Weakness Dizziness Cold extremities Slow heart rate Increased potassium level in blood Numbness of extremity Decreased blood pressure,"https://onemg.gumlet.io/l_watermark_346,w_480,h_480/a_ignore,w_480,h_480,c_fit,q_auto,f_auto/cropped/qkxbvz0jwugohucijyb9.jpg"
75,Seboret-Plus,Treatment of Acne,Skin peeling Erythema skin redness Itching Dry skin Burning sensation at the site of application,"https://onemg.gumlet.io/l_watermark_346,w_480,h_480/a_ignore,w_480,h_480,c_fit,q_auto,f_auto/mm3oidpx2ldhajm1dkmy.jpg"
76,Pramipex ER 0.375, Parkinson's disease Restless leg syndrome,Dizziness Sleepiness Nausea Dryness in mouth Fatigue Hallucination Constipation Peripheral edema Muscle spasm,"https://onemg.gumlet.io/l_watermark_346,w_480,h_480/a_ignore,w_480,h_480,c_fit,q_auto,f_auto/cropped/onlwiuozaerly7rjlc4i.jpg"
77,MNX-3 Topical,Treatment of Hair loss,Itching Chest pain Headache Hypertrichosis excessive hair growth Rash Dermatitis Hypersensitivity Weight gain Fluid retention Tachycardia,"https://onemg.gumlet.io/l_watermark_346,w_480,h_480/a_ignore,w_480,h_480,c_fit,q_auto,f_auto/cropped/gxqoezhnauubwkcdetm8.jpg"
78,Osozap Plus, Bipolar depression,Nausea Vomiting Diarrhea Constipation Dryness in mouth Weight gain Sleepiness Orthostatic hypotension sudden lowering of blood pressure on standing Dizziness Muscle stiffness Restlessness Tremors Delayed ejaculation Anorgasmia decreased orgasm Low sexual desire,"https://onemg.gumlet.io/l_watermark_346,w_480,h_480/a_ignore,w_480,h_480,c_fit,q_auto,f_auto/cropped/swc48vrabg7gxzq7vqo7.jpg"
79,Lowprost, Ocular hypertension Glaucoma,Conjunctival hyperemia Eye itching,"https://onemg.gumlet.io/l_watermark_346,w_480,h_480/a_ignore,w_480,h_480,c_fit,q_auto,f_auto/cropped/iwss50wafy2mzcvlbckx.jpg"
80,Pivasta 1, High cholesterol Prevention of heart attack and stroke,Constipation Muscle pain Back pain Diarrhea Pain in extremity,"https://onemg.gumlet.io/l_watermark_346,w_480,h_480/a_ignore,w_480,h_480,c_fit,q_auto,f_auto/6a36a2b96b7845bdb38789db6ed94fde.jpg"
81,Tegliptin-M 500mg  SR,Treatment of Type 2 diabetes mellitus,Hypoglycemia low blood glucose level Nausea Vomiting Diarrhea Headache Bloating Flatulence,"https://onemg.gumlet.io/l_watermark_346,w_480,h_480/a_ignore,w_480,h_480,c_fit,q_auto,f_auto/d75b23b55fb245a48ca217210682d172.jpg"
82,Amlace, Hypertension (high blood pressure),Ankle swelling Headache Tiredness Palpitations Increased potassium level in blood Sleepiness Cough Taste change Flushing sense of warmth in the face ears neck and trunk Decreased blood pressure Upset stomach,"https://onemg.gumlet.io/l_watermark_346,w_480,h_480/a_ignore,w_480,h_480,c_fit,q_auto,f_auto/cropped/xge8stj8iqajv3qjhktu.jpg"
83,Etogrand 90, Pain relief,Oral ulcer Bronchospasm Increased liver enzymes Esophagitis Stomach pain Diarrhea,"https://onemg.gumlet.io/l_watermark_346,w_480,h_480/a_ignore,w_480,h_480,c_fit,q_auto,f_auto/da4dc94359fd49a89fe6570dcb8c8e9b.jpg"
84,Revostat 10,Treatment of High cholesterol Prevention of heart attack and stroke,Muscle pain Weakness Headache Abdominal pain Dizziness Joint pain Nausea,"https://onemg.gumlet.io/l_watermark_346,w_480,h_480/a_ignore,w_480,h_480,c_fit,q_auto,f_auto/tldbneq6c27f5lheuftx.jpg"
85,Risperdal 2mg,Treatment of SchizophreniaTreatment of Mania,Headache Insomnia difficulty in sleeping Parkinsonism Drowsiness Sedation,"https://onemg.gumlet.io/l_watermark_346,w_480,h_480/a_ignore,w_480,h_480,c_fit,q_auto,f_auto/b308b493684c4d299fb922019d341439.jpg"
86,Paraxin 250, Bacterial infections,Vomiting Nausea Diarrhea Taste change,"https://onemg.gumlet.io/l_watermark_346,w_480,h_480/a_ignore,w_480,h_480,c_fit,q_auto,f_auto/cropped/mwgrj2yhqi5zdkap56pk.jpg"
87,Respicure FM 10 mg/120 mg,Treatment of Sneezing and runny nose due to allergies,Nausea Diarrhea Vomiting Skin rash Flu like symptoms Headache Drowsiness Dizziness,"https://onemg.gumlet.io/l_watermark_346,w_480,h_480/a_ignore,w_480,h_480,c_fit,q_auto,f_auto/6cceb1443e294b4d99885927841b36f7.jpg"
88,Fluoren Nasal Spray,Treatment of Sneezing and runny nose due to allergies,Nasal inflammation Headache Nosebleeds Nasal ulceration Breathlessness,"https://onemg.gumlet.io/l_watermark_346,w_480,h_480/a_ignore,w_480,h_480,c_fit,q_auto,f_auto/7326921b32d243afb0bb3530d1f0ef65.jpg"
89,Sotret NF 16mg,Treatment of Acne,Dry skin Increased liver enzymes Rash,"https://onemg.gumlet.io/l_watermark_346,w_480,h_480/a_ignore,w_480,h_480,c_fit,q_auto,f_auto/2dcb39c7de364619989b89d39c94322e.jpg"
90,Pregeb OD 75,Treatment of Neuropathic painTreatment of Epilepsy/SeizuresTreatment of Fibromyalgia,Blurred vision Difficulty in paying attention Dizziness Dryness in mouth Edema swelling Sleepiness Weight gain,"https://onemg.gumlet.io/l_watermark_346,w_480,h_480/a_ignore,w_480,h_480,c_fit,q_auto,f_auto/uo7xc7qlud185pxcwbko.jpg"
91,Synaptol 50, Muscle relaxation,Sleepiness Fatigue Dryness in mouth Muscle weakness Nausea Vomiting Abdominal pain,"https://onemg.gumlet.io/l_watermark_346,w_480,h_480/a_ignore,w_480,h_480,c_fit,q_auto,f_auto/cropped/aqapx8khm1lcpmf7o7fv.jpg"
92,Eslo-Tel 5mg,Treatment of Hypertension (high blood pressure),Sleepiness Ankle swelling Headache Flushing sense of warmth in the face ears neck and trunk Dizziness Tiredness Palpitations Upset stomach Increased potassium level in blood,"https://onemg.gumlet.io/l_watermark_346,w_480,h_480/a_ignore,w_480,h_480,c_fit,q_auto,f_auto/cropped/rtowfgyaqkhfcbgbqwds.jpg"
93,Susten 200 Soft atin, Hormone replacement therapyTreatment of Female infertility,Abdominal pain Nausea Abnormal vaginal bleeding Edema swelling Hair loss Abdominal bloating Headache Breast pain Vomiting Vaginal yeast infection,"https://onemg.gumlet.io/l_watermark_346,w_480,h_480/a_ignore,w_480,h_480,c_fit,q_auto,f_auto/cropped/iylow57c9ww6rxaoqp09.jpg"
94,Merotrol 500mg, Severe bacterial infections,Rash Headache Vomiting Nausea Itching Diarrhea Injection site inflammation Anemia low number of red blood cells Sepsis Constipation Apnea absence of breathing Shock,"https://onemg.gumlet.io/l_watermark_346,w_480,h_480/a_ignore,w_480,h_480,c_fit,q_auto,f_auto/43f2ab593662493387962ee28a900354.jpg"
95,Esiflo 100 Transcaps,Treatment of Chronic obstructive pulmonary disease (COPD),Headache Cough Upper respiratory tract infection Nasopharyngitis inflammation of the throat and nasal passages Sinus inflammation Stomach discomfort Fungal infection of oropharynx Tremors Palpitations Voice change,"https://onemg.gumlet.io/l_watermark_346,w_480,h_480/a_ignore,w_480,h_480,c_fit,q_auto,f_auto/cropped/pyfwo4taoj2i8bfjwcac.jpg"
96,Rosufit 5,Treatment of High cholesterol Prevention of heart attack and stroke,Muscle pain Weakness Headache Abdominal pain Dizziness Joint pain Nausea,"https://onemg.gumlet.io/l_watermark_346,w_480,h_480/a_ignore,w_480,h_480,c_fit,q_auto,f_auto/fuacjz1y7oq7alduzeht.jpg"
97,Hydrogem 500mg, Head and neck cancer Sickle cell anemia,Hematological disorder Gastrointestinal disorder Eating disorder Azoospermia absence of sperms Decreased appetite Fever Oligospermia low sperm count Skin cancer Bone marrow suppression Hallucination Convulsion Peripheral neuropathy tingling and numbness of feet and hand Pulmonary fibrosis Pulmonary edema Pancreatic inflammation Liver toxicity Cutaneous vasculitis Increased uric acid level in blood,"https://onemg.gumlet.io/l_watermark_346,w_480,h_480/a_ignore,w_480,h_480,c_fit,q_auto,f_auto/a24dfee62d2b4fa0bf9f7979c252e6c9.jpg"
98,Olmesar H 40, Hypertension (high blood pressure),Dizziness Weakness Headache Tiredness Edema swelling Chest pain,"https://onemg.gumlet.io/l_watermark_346,w_480,h_480/a_ignore,w_480,h_480,c_fit,q_auto,f_auto/b8c43d26595a443fa585e6878e9e6656.jpg"
99,Lazine,Treatment of Allergic conditions,Sleepiness Fatigue Dryness in mouth Headache Vomiting Nasopharyngitis inflammation of the throat and nasal passages,"https://onemg.gumlet.io/l_watermark_346,w_480,h_480/a_ignore,w_480,h_480,c_fit,q_auto,f_auto/d4b92b51b0cf48b99aa9915ffa538ae4.jpg"
100,Vetory MX,Treatment of Muscular pain,Nausea Vomiting Heartburn Stomach pain Diarrhea Loss of appetite Tiredness Sleepiness,"https://onemg.gumlet.io/l_watermark_346,w_480,h_480/a_ignore,w_480,h_480,c_fit,q_auto,f_auto/c0bc97e014644f118bc998525669529d.jpg"
101,Gloristat Trio, Heart attack,Increased bleeding tendency Abdominal pain Indigestion Bruise Nosebleeds Gastrointestinal bleeding Weakness Headache Muscle pain Diarrhea Nausea,"https://onemg.gumlet.io/l_watermark_346,w_480,h_480/a_ignore,w_480,h_480,c_fit,q_auto,f_auto/cropped/jrd97y6urnbrhsgum21m.jpg"
102,Galvus Met 50mg/1000mg,Treatment of Type 2 diabetes mellitus,Hypoglycemia low blood glucose level Trembling Headache Dizziness Nausea Weight gain,"https://onemg.gumlet.io/l_watermark_346,w_480,h_480/a_ignore,w_480,h_480,c_fit,q_auto,f_auto/dzdyubenrt0ueazf1sdz.jpg"
103,Hyphoral, Fungal infections,Nausea Vomiting Abdominal pain Increased liver enzymes Application site redness Itching Diarrhea Abnormal liver function tests Adrenal insufficiency Application site burning,"https://onemg.gumlet.io/l_watermark_346,w_480,h_480/a_ignore,w_480,h_480,c_fit,q_auto,f_auto/cropped/qkqlwivh996cod7lnos6.jpg"
104,Xilia-Trio 2  SR,Treatment of Type 2 diabetes mellitus,Nausea Diarrhea Abdominal pain Hypoglycemia low blood glucose level,"https://onemg.gumlet.io/l_watermark_346,w_480,h_480/a_ignore,w_480,h_480,c_fit,q_auto,f_auto/cropped/etrtudqnikmkzrwex9ir.jpg"
105,Maxiflo 125 Inhaler,Treatment of Chronic obstructive pulmonary disease (COPD),Headache Cough Upper respiratory tract infection Nasopharyngitis inflammation of the throat and nasal passages Sinus inflammation Stomach discomfort Fungal infection of oropharynx Tremors Palpitations Voice change,"https://onemg.gumlet.io/l_watermark_346,w_480,h_480/a_ignore,w_480,h_480,c_fit,q_auto,f_auto/cropped/nt262k9pr7y1cua3bnvx.jpg"
106,Itracip 200mg,Treatment of Fungal infections,Nausea Abdominal pain Constipation Dizziness Headache Indigestion Vomiting,"https://onemg.gumlet.io/l_watermark_346,w_480,h_480/a_ignore,w_480,h_480,c_fit,q_auto,f_auto/29b60ae8a17543c0bd1406cf27748bc0.jpg"
107,Flexbumin 20% Infusion, Short term fluid replacement after trauma,Vomiting Flushing sense of warmth in the face ears neck and trunk Fever Nausea Chills Hives Slow heart rate,"https://onemg.gumlet.io/l_watermark_346,w_480,h_480/a_ignore,w_480,h_480,c_fit,q_auto,f_auto/thpewrhuvqkroeefxolv.jpg"
108,Dianorm-OD 30  MR,Treatment of Type 2 diabetes mellitus,Hypoglycemia low blood glucose level Weight gain Flatulence Diarrhea Headache Nausea Dizziness,"https://onemg.gumlet.io/l_watermark_346,w_480,h_480/a_ignore,w_480,h_480,c_fit,q_auto,f_auto/cropped/rsjcbrgrepgstz39hbv4.jpg"
109,GP 0.5,Treatment of Type 2 diabetes mellitus,Hypoglycemia low blood glucose level Headache Nausea Dizziness Weakness,"https://onemg.gumlet.io/l_watermark_346,w_480,h_480/a_ignore,w_480,h_480,c_fit,q_auto,f_auto/cropped/j5xo3vgkp0oblqqj9w7t.jpg"
110,Nepaflam OD,Treatment of Post-operative eye pain and inflammation,Decreased vision Foreign body sensation in eyes Increased intraocular pressure Stickiness,"https://onemg.gumlet.io/l_watermark_346,w_480,h_480/a_ignore,w_480,h_480,c_fit,q_auto,f_auto/94e295826d8a49bd99cd4db85d083fdf.jpg"
111,Niofine, Fungal infections,Headache Diarrhea Rash Indigestion Abnormal liver enzyme Itching Taste change Nausea Abdominal pain Flatulence,"https://onemg.gumlet.io/l_watermark_346,w_480,h_480/a_ignore,w_480,h_480,c_fit,q_auto,f_auto/cropped/aict0d9dejpskyv0lvvu.jpg"
112,Isokon 20mg,Treatment of Acne,Dry skin Increased liver enzymes Rash,"https://onemg.gumlet.io/l_watermark_346,w_480,h_480/a_ignore,w_480,h_480,c_fit,q_auto,f_auto/2a4a6fad464b4206824c31817e61289b.jpg"
113,Primigyn 0.5mg, Induction of labour,Flushing of skin Diarrhea Vomiting Nausea Fever Uterine tachysystole Uterine hyperstimulation,"https://onemg.gumlet.io/l_watermark_346,w_480,h_480/a_ignore,w_480,h_480,c_fit,q_auto,f_auto/cropped/zsg8tlsrdfbfvyovsp2p.jpg"
114,Efiglin-M 500mg/20mg  ER,Treatment of Type 2 diabetes mellitus,Hypoglycemia low blood glucose level Nausea Vomiting Diarrhea Headache Bloating Flatulence,"https://onemg.gumlet.io/l_watermark_346,w_480,h_480/a_ignore,w_480,h_480,c_fit,q_auto,f_auto/cropped/jqyyvubrx3ziy6ccbzix.jpg"
115,Tenali M 500  ER,Treatment of Type 2 diabetes mellitus,Hypoglycemia low blood glucose level Nausea Vomiting Diarrhea Headache Bloating Flatulence,"https://onemg.gumlet.io/l_watermark_346,w_480,h_480/a_ignore,w_480,h_480,c_fit,q_auto,f_auto/69a8b6d9b4524e39b3cd8564ac60a269.jpg"
116,Zithrokem 250mg,Treatment of Bacterial infections,Nausea Abdominal pain Diarrhea,"https://onemg.gumlet.io/l_watermark_346,w_480,h_480/a_ignore,w_480,h_480,c_fit,q_auto,f_auto/2519a542082644f4aa84e65d5a3b6bc5.jpg"
117,Zoryl MP 1  ER,Treatment of Type 2 diabetes mellitus,Hypoglycemia low blood glucose level Dizziness Headache Nausea Vomiting Diarrhea Flatulence Bronchitis inflammation of the airways Anemia low number of red blood cells Edema swelling,"https://onemg.gumlet.io/l_watermark_346,w_480,h_480/a_ignore,w_480,h_480,c_fit,q_auto,f_auto/cropped/uu9pasv5daviepovq9dv.jpg"
118,Zenoxa OD 150  SR, Epilepsy/Seizures,Headache Nausea Vomiting Fatigue Dizziness Nystagmus involuntary eye movement Tremors Vertigo Drowsiness Abnormality of voluntary movements Abnormal gait Visual disturbance Increased sodium level in blood,"https://onemg.gumlet.io/l_watermark_346,w_480,h_480/a_ignore,w_480,h_480,c_fit,q_auto,f_auto/j1kwgxpnkoeylu9cn2up.jpg"
119,Victoza  for,Treatment of Type 2 diabetes mellitus,Constipation Decreased appetite Diarrhea Nausea Vomiting Abdominal pain Dyspepsia Flatulence Nasopharyngitis inflammation of the throat and nasal passages,"https://onemg.gumlet.io/l_watermark_346,w_480,h_480/a_ignore,w_480,h_480,c_fit,q_auto,f_auto/cropped/nzz1piz2pabwsiyexlu4.jpg"
120,Baralgan NU,Treatment of Abdominal pain,Nausea Dryness in mouth Blurred vision Sleepiness Weakness Nervousness,"https://onemg.gumlet.io/l_watermark_346,w_480,h_480/a_ignore,w_480,h_480,c_fit,q_auto,f_auto/cropped/emjbhxxaoccskdkxat7f.jpg"
121,Prohale 200mg, Hormone replacement therapyTreatment of Female infertility,Abdominal pain Nausea Abnormal vaginal bleeding Edema swelling Hair loss Abdominal bloating Headache Breast pain Vomiting Vaginal yeast infection,"https://onemg.gumlet.io/l_watermark_346,w_480,h_480/a_ignore,w_480,h_480,c_fit,q_auto,f_auto/6fc7b3f57321454db337fe40d0dd22e0.jpg"
122,Histakem 180mg,Treatment of Sneezing and runny nose due to allergiesTreatment of Allergic conditions,Headache Drowsiness Dizziness Nausea,"https://onemg.gumlet.io/l_watermark_346,w_480,h_480/a_ignore,w_480,h_480,c_fit,q_auto,f_auto/4515aaeb67324c3f9bbf8613caca9600.jpg"
123,Luliderm,Treatment of Fungal skin infections,Application site reactions burning irritation itching and redness Dry skin Skin peeling Blisters on skin,"https://onemg.gumlet.io/l_watermark_346,w_480,h_480/a_ignore,w_480,h_480,c_fit,q_auto,f_auto/cropped/yudyk6dnerfru7dklmt0.jpg"
124,K20 Soap, Fungal skin infections,Skin peeling Application site reactions burning irritation itching and redness Nausea Vomiting Abdominal pain Increased liver enzymes Application site redness Itching Diarrhea Abnormal liver function tests Adrenal insufficiency Application site burning,"https://onemg.gumlet.io/l_watermark_346,w_480,h_480/a_ignore,w_480,h_480,c_fit,q_auto,f_auto/h3cupltc0lmwuyueiw2b.jpg"
125,Nebracin 0.3%,Treatment of Bacterial eye infections,Eye irritation Burning sensation Eye redness Eye itching,"https://onemg.gumlet.io/l_watermark_346,w_480,h_480/a_ignore,w_480,h_480,c_fit,q_auto,f_auto/94aee8e6c6b64ee7bf8b6ab771726345.jpg"
126,Hypig, Melasma,Erythema skin redness Dryness and fissuring of paranasal and infraorbital areas Stinging sensation,"https://onemg.gumlet.io/l_watermark_346,w_480,h_480/a_ignore,w_480,h_480,c_fit,q_auto,f_auto/cropped/b2sd3emivpwy4f9vx6h0.jpg"
127,Konaz Antifungal, Fungal skin infections,Skin peeling Application site reactions burning irritation itching and redness Nausea Vomiting Abdominal pain Increased liver enzymes Application site redness Itching Diarrhea Abnormal liver function tests Adrenal insufficiency Application site burning,"https://onemg.gumlet.io/l_watermark_346,w_480,h_480/a_ignore,w_480,h_480,c_fit,q_auto,f_auto/cropped/fl12fgcqxv6u70m1mrpb.jpg"
128,Xtin Plus, Hair loss,Ejaculation disorder Impotence Low sexual desire,"https://onemg.gumlet.io/l_watermark_346,w_480,h_480/a_ignore,w_480,h_480,c_fit,q_auto,f_auto/987618a1139b4a9f8457dfa98ae320a2.jpg"
129,Magadol 50mg/325mg, Pain relief,Nausea Vomiting Stomach pain epigastric pain Heartburn Diarrhea Loss of appetite,"https://onemg.gumlet.io/l_watermark_346,w_480,h_480/a_ignore,w_480,h_480,c_fit,q_auto,f_auto/ukp2tlahoy9d1lat15dd.jpg"
130,Acnesol CL,Treatment of Bacterial infections,Application site reactions burning irritation itching and redness Abdominal pain Diarrhea Nausea Vomiting Headache Rash Injection site phlebitis Insomnia difficulty in sleeping Abnormal taste Dyspepsia Taste change Abnormal liver function tests,"https://onemg.gumlet.io/l_watermark_346,w_480,h_480/a_ignore,w_480,h_480,c_fit,q_auto,f_auto/cropped/wz5ypzicxsdql63697en.jpg"
131,Extacef 200 DT,Treatment of Bacterial infections,Nausea Stomach pain Indigestion Diarrhea,"https://onemg.gumlet.io/l_watermark_346,w_480,h_480/a_ignore,w_480,h_480,c_fit,q_auto,f_auto/9d57e1fa4e89479aaaac18b9320a4252.jpg"
132,Eslo-Tel 2.5mg,Treatment of Hypertension (high blood pressure),Sleepiness Ankle swelling Headache Flushing sense of warmth in the face ears neck and trunk Dizziness Tiredness Palpitations Upset stomach Increased potassium level in blood,"https://onemg.gumlet.io/l_watermark_346,w_480,h_480/a_ignore,w_480,h_480,c_fit,q_auto,f_auto/cropped/jcrmhemymfdru7055bkm.jpg"
133,Piptaz 4.5gm, Bacterial infections,Nausea Vomiting Diarrhea Rash Allergic reaction,"https://onemg.gumlet.io/l_watermark_346,w_480,h_480/a_ignore,w_480,h_480,c_fit,q_auto,f_auto/5410264b295e45d1a40a81658abcf414.jpg"
134,Riomet Trio 2  ER,Treatment of Type 2 diabetes mellitus,Hypoglycemia low blood glucose level Dizziness Headache Nausea Vomiting Diarrhea Flatulence Bronchitis inflammation of the airways Anemia low number of red blood cells Edema swelling,"https://onemg.gumlet.io/l_watermark_346,w_480,h_480/a_ignore,w_480,h_480,c_fit,q_auto,f_auto/oamzsvsnuqd1pifighox.jpg"
135,Gkn-Plus, Cognitive enhancer,Weight gain Upset stomach Rash Flushing sense of warmth in the face ears neck and trunk Nervousness Abnormality of voluntary movements,"https://onemg.gumlet.io/l_watermark_346,w_480,h_480/a_ignore,w_480,h_480,c_fit,q_auto,f_auto/cropped/cxawum1hphvxjnjch6qn.jpg"
136,Ursocol 150,Treatment of Primary biliary cirrhosisTreatment of Gallbladder stones,Abdominal pain Diarrhea Hair loss Itching Nausea Rash,"https://onemg.gumlet.io/l_watermark_346,w_480,h_480/a_ignore,w_480,h_480,c_fit,q_auto,f_auto/nxpkpb8yywkodkwelfnj.jpg"
137,ME-Pxl,Treatment of Neuropathic pain,Dizziness Sleepiness Tiredness Uncoordinated body movements,"https://onemg.gumlet.io/l_watermark_346,w_480,h_480/a_ignore,w_480,h_480,c_fit,q_auto,f_auto/bedb28ea6de04f16a7cf6b75bcadf2c9.jpg"
138,Itorate,Treatment of Fungal infections,Nausea Abdominal pain Constipation Dizziness Headache Indigestion Vomiting,"https://onemg.gumlet.io/l_watermark_346,w_480,h_480/a_ignore,w_480,h_480,c_fit,q_auto,f_auto/05f40bf6f419400daa110714595653f3.jpg"
139,Perinorm,Treatment of NauseaTreatment of VomitingTreatment of IndigestionTreatment of Heartburn,Restlessness Fatigue Weakness,"https://onemg.gumlet.io/l_watermark_346,w_480,h_480/a_ignore,w_480,h_480,c_fit,q_auto,f_auto/cropped/vtg0bh80uik6cualw9ze.jpg"
140,Netazox, Diarrhea Worm infections,Abdominal pain Headache Chromaturia abnormal coloration of urine Nausea,"https://onemg.gumlet.io/l_watermark_346,w_480,h_480/a_ignore,w_480,h_480,c_fit,q_auto,f_auto/f65587a3af63478ba9a31f84cd9990f1.jpg"
141,Praiscort Ointment, Skin conditions with inflammation & itchingTreatment of Rheumatoid arthritisTreatment of Osteoarthritis,Bacterial infection Skin discoloration Contact dermatitis Increased risk of infection Headache Joint pain Injection site reactions pain swelling redness,"https://onemg.gumlet.io/l_watermark_346,w_480,h_480/a_ignore,w_480,h_480,c_fit,q_auto,f_auto/400b0636694844c9b1756404a338327c.jpg"
142,Momenta 50mcg Nasal Spray,Treatment and prevention of Sneezing and runny nose due to allergiesTreatment of Nasal congestion (blocked nose)Treatment of Nasal polyps,Nasal irritation Sore throat Nosebleeds Upper respiratory tract infection Viral infection Vomiting Wheezing,"https://onemg.gumlet.io/l_watermark_346,w_480,h_480/a_ignore,w_480,h_480,c_fit,q_auto,f_auto/jcj9sya3qiuwihupxr5h.jpg"
143,Syncapone 100, Parkinson's disease,Urine discoloration Headache Dryness in mouth Insomnia difficulty in sleeping Anxiety Dizziness Abnormal dreams Involuntary muscle movement Gastrointestinal disturbance,"https://onemg.gumlet.io/l_watermark_346,w_480,h_480/a_ignore,w_480,h_480,c_fit,q_auto,f_auto/cropped/ri7n99uxvbxbkhibc1gk.jpg"
144,Pyrigesic Drop, Pain reliefTreatment of Fever,Indigestion Stomach pain Nausea Vomiting,"https://onemg.gumlet.io/l_watermark_346,w_480,h_480/a_ignore,w_480,h_480,c_fit,q_auto,f_auto/cropped/espnm07fk9ys2fo7llyp.jpg"
145,Tacrotor 0.1% Ointment,Treatment of Atopic dermatitis,Application site reactions burning irritation itching and redness Headache Hair follicle inflammation,"https://onemg.gumlet.io/l_watermark_346,w_480,h_480/a_ignore,w_480,h_480,c_fit,q_auto,f_auto/nqfcfppwpykqvmatcmph.jpg"
146,Sino Nasal Spray,Treatment of Sneezing and runny nose due to allergies,Nasal irritation Headache Nosebleeds,"https://onemg.gumlet.io/l_watermark_346,w_480,h_480/a_ignore,w_480,h_480,c_fit,q_auto,f_auto/cropped/mo1s943gxupmbdssbhik.jpg"
147,Novomix 30 100IU/ml Penfill, Diabetes,Hypoglycemia low blood glucose level,"https://onemg.gumlet.io/l_watermark_346,w_480,h_480/a_ignore,w_480,h_480,c_fit,q_auto,f_auto/r1ten0rhsq6rtbuygn7h.jpg"
148,Mobicam 20mg  DT, Pain relief,Vomiting Stomach pain Nausea Headache Dizziness,"https://onemg.gumlet.io/l_watermark_346,w_480,h_480/a_ignore,w_480,h_480,c_fit,q_auto,f_auto/edd56a8459bd4512812289418f5ecfdf.jpg"
149,Remo-Zen 100mg,Treatment of Type 2 diabetes mellitus,Nausea Diarrhea Constipation Hypoglycemia low blood glucose level Dyslipidemia Hypotension low blood pressure Urinary tract infection Fever Cough Headache,"https://onemg.gumlet.io/l_watermark_346,w_480,h_480/a_ignore,w_480,h_480,c_fit,q_auto,f_auto/cropped/ei6kuff8s48qnqeloxsv.jpg"
150,Glimulin-MF  PR,Treatment of Type 2 diabetes mellitus,Hypoglycemia low blood glucose level Headache Nausea Diarrhea Flatulence,"https://onemg.gumlet.io/l_watermark_346,w_480,h_480/a_ignore,w_480,h_480,c_fit,q_auto,f_auto/mvzrzxaxur5vvdduc58o.jpg"
151,Medomol Drop, Pain reliefTreatment of Fever,Indigestion Stomach pain Nausea Vomiting,"https://onemg.gumlet.io/l_watermark_346,w_480,h_480/a_ignore,w_480,h_480,c_fit,q_auto,f_auto/cropped/gcglui6gtrjjgg85c6no.jpg"
152,Vinicor-D 50, Hypertension (high blood pressure),Nausea Constipation Diarrhea Fatigue Headache Dizziness Slow heart rate Increased blood uric acid Decreased potassium level in blood Glucose intolerance Altered blood lipid level Cold extremities Decreased magnesium level in blood Increased calcium level in blood,"https://onemg.gumlet.io/l_watermark_346,w_480,h_480/a_ignore,w_480,h_480,c_fit,q_auto,f_auto/cropped/ijixu6e1a5j7gjkwopac.jpg"
153,Valparin 200 Oral  Delicious Pineapple, Epilepsy/SeizuresPrevention of Migraine Bipolar disorder,Headache Dizziness Blurred vision Nausea Vomiting Sleepiness Hair loss Weight gain Tremors Double vision Impaired coordination Weakness Increased appetite Insomnia difficulty in sleeping Abdominal pain Abnormal thoughts Diarrhea Depression Constipation Nystagmus involuntary eye movement Weight loss Bronchitis inflammation of the airways Breathlessness Low blood platelets Hay fever Nervousness Ecchymosis discoloration of the skin resulting from bleeding underneath Flu like symptoms Fever Memory loss Indigestion Infection Peripheral edema,"https://onemg.gumlet.io/l_watermark_346,w_480,h_480/a_ignore,w_480,h_480,c_fit,q_auto,f_auto/cropped/fjxthzapavgpdqeoheps.jpg"
154,Planep-T 10 Kit, Edema,Dehydration Constipation Itching Decreased magnesium level in blood Decreased sodium level in blood Increased uric acid level in blood Decreased calcium level in blood,"https://onemg.gumlet.io/l_watermark_346,w_480,h_480/a_ignore,w_480,h_480,c_fit,q_auto,f_auto/deea6ca90f8d4b7c88e9fe19d856d62b.jpg"
155,Uticept,Treatment of Muscle spasms of the urinary tract,Nausea Vomiting Dryness in mouth Headache Drowsiness Dizziness Blurred vision Nervousness Sweating Fever Palpitations,"https://onemg.gumlet.io/l_watermark_346,w_480,h_480/a_ignore,w_480,h_480,c_fit,q_auto,f_auto/cropped/lxpsgfhyigretzuebsta.jpg"
156,Lactolook Oral  Sugar Free,Treatment of ConstipationTreatment of Hepatic encephalopathy,Abdominal pain Nausea Vomiting Diarrhea,"https://onemg.gumlet.io/l_watermark_346,w_480,h_480/a_ignore,w_480,h_480,c_fit,q_auto,f_auto/nna7pugsgzxwzvefatew.jpg"
157,Omecip,Treatment of HeartburnTreatment of Gastroesophageal reflux disease (Acid reflux)Treatment of Peptic ulcer diseaseTreatment of Zollinger-Ellison syndrome,Diarrhea Flatulence Headache Nausea Vomiting Abdominal pain,"https://onemg.gumlet.io/l_watermark_346,w_480,h_480/a_ignore,w_480,h_480,c_fit,q_auto,f_auto/nkabuqixgsbqc2cai7iu.jpg"
158,Ropark 0.25, Parkinson's disease Restless leg syndrome,Headache Dizziness Fainting Sleepiness Vomiting Weakness Nausea Edema swelling Abnormality of voluntary movements Indigestion Hallucination Confusion Viral infection,"https://onemg.gumlet.io/l_watermark_346,w_480,h_480/a_ignore,w_480,h_480,c_fit,q_auto,f_auto/cropped/hdfgyhnlk0kic6uadxqe.jpg"
159,Lozivate,Treatment of Allergic skin conditions,Skin atrophy Telangiectasia Skin irritation Dry skin,"https://onemg.gumlet.io/l_watermark_346,w_480,h_480/a_ignore,w_480,h_480,c_fit,q_auto,f_auto/cropped/ffnzgui66xnhxdc4bhuk.jpg"
160,Zuvirab Vaccine, Prevention of Rabies,Pain Joint pain Injection site redness Injection site swelling Swelling of lymph nodes,"https://onemg.gumlet.io/l_watermark_346,w_480,h_480/a_ignore,w_480,h_480,c_fit,q_auto,f_auto/yjpn3r6s65ovzh1uemtj.jpg"
161,Amnurite  10  SR, Neuropathic pain,Constipation Difficulty in urination Weight gain Dryness in mouth Orthostatic hypotension sudden lowering of blood pressure on standing Drowsiness Blurred vision Increased heart rate,"https://onemg.gumlet.io/l_watermark_346,w_480,h_480/a_ignore,w_480,h_480,c_fit,q_auto,f_auto/cropped/h4kckslfzeglofqo45qv.jpg"
162,Lulihalt,Treatment of Fungal skin infections,Application site reactions burning irritation itching and redness Dry skin Skin peeling Blisters on skin,"https://onemg.gumlet.io/l_watermark_346,w_480,h_480/a_ignore,w_480,h_480,c_fit,q_auto,f_auto/yfmpnvzglmju1hm1atkk.jpg"
163,Alphadol 1mcg Soft atin,Treatment of Vitamin D deficiency,Rash Itching Abdominal pain Increased calcium level in blood Increased calcium in urine Increased phosphate level in blood,"https://onemg.gumlet.io/l_watermark_346,w_480,h_480/a_ignore,w_480,h_480,c_fit,q_auto,f_auto/bc0e3c0ffa504888a40f82abf284c32d.jpg"
164,Geripod 4,Treatment of Benign prostatic hyperplasia,Retrograde ejaculation Dizziness Diarrhea Orthostatic hypotension sudden lowering of blood pressure on standing Headache Blurred vision Nasopharyngitis inflammation of the throat and nasal passages Nasal congestion stuffy nose,"https://onemg.gumlet.io/l_watermark_346,w_480,h_480/a_ignore,w_480,h_480,c_fit,q_auto,f_auto/5a0f73a9a5714cd193b34fef4a7c2617.jpg"
165,Add Tears Lubricant,Treatment of Dry eyes,Eye irritation Burning eyes Eye discomfort Eye itching Eye pain,"https://onemg.gumlet.io/l_watermark_346,w_480,h_480/a_ignore,w_480,h_480,c_fit,q_auto,f_auto/cropped/gb6vecck2cb2zlq4ibgj.jpg"
166,Dotzide 40mg,Treatment of Type 2 diabetes mellitus,Hypoglycemia low blood glucose level Weight gain Flatulence Diarrhea Headache Nausea Dizziness,"https://onemg.gumlet.io/l_watermark_346,w_480,h_480/a_ignore,w_480,h_480,c_fit,q_auto,f_auto/5525d770a9454c77ae0556ff180af00b.jpg"
167,Dompar 10mg/325mg,Treatment of Migraine,Dryness in mouth,"https://onemg.gumlet.io/l_watermark_346,w_480,h_480/a_ignore,w_480,h_480,c_fit,q_auto,f_auto/b0187f1fe6af4449b421a94d5b680419.jpg"
168,Rez-Q 300, Malaria,Vomiting Deafness Headache Dizziness Flushing sense of warmth in the face ears neck and trunk Blurred vision Nausea Abdominal pain Ringing in ear Diarrhea Vertigo Increased sweating,"https://onemg.gumlet.io/l_watermark_346,w_480,h_480/a_ignore,w_480,h_480,c_fit,q_auto,f_auto/0acbfbe13c1d4d5ab41fece4f50b4774.jpg"
169,Doloneuron NT,Treatment of Neuropathic pain,Constipation Difficulty in urination Weight gain Sleepiness Dizziness Tiredness Blurred vision Dryness in mouth Orthostatic hypotension sudden lowering of blood pressure on standing Increased heart rate Uncoordinated body movements,"https://onemg.gumlet.io/l_watermark_346,w_480,h_480/a_ignore,w_480,h_480,c_fit,q_auto,f_auto/9e43707721024668a1bac7bf6ff166f6.jpg"
170,Rivamer 3,Treatment of Dementia Associated with Parkinson's disease Alzheimer's disease,Nausea Vomiting Indigestion Loss of appetite Fatigue,"https://onemg.gumlet.io/l_watermark_346,w_480,h_480/a_ignore,w_480,h_480,c_fit,q_auto,f_auto/3a190a596417475ea29f16ee01c80ff9.jpg"
171,Pilpan-D,Treatment of Gastroesophageal reflux disease (Acid reflux)Treatment of Peptic ulcer disease,Diarrhea Stomach pain Flatulence Dryness in mouth Dizziness Headache,"https://onemg.gumlet.io/l_watermark_346,w_480,h_480/a_ignore,w_480,h_480,c_fit,q_auto,f_auto/0823453aea0e4cdc9a0da7e75a435e98.jpg"
172,Amlodac 10,Treatment of Hypertension (high blood pressure)Prevention of Angina (heart-related chest pain),Headache Fatigue Nausea Abdominal pain Sleepiness,"https://onemg.gumlet.io/l_watermark_346,w_480,h_480/a_ignore,w_480,h_480,c_fit,q_auto,f_auto/m4spgvlveqg7lh6ddkvx.jpg"
173,Mesacol OD  PR, Ulcerative colitis Crohns disease,Stomach pain epigastric pain Flatulence Headache Vomiting Diarrhea Nausea Abdominal pain Rash,"https://onemg.gumlet.io/l_watermark_346,w_480,h_480/a_ignore,w_480,h_480,c_fit,q_auto,f_auto/ovuftuf68jhn0sxtnhuz.jpg"
174,Safecet 10,Treatment of Allergic conditions,Sleepiness Fatigue Dryness in mouth Headache Vomiting Nasopharyngitis inflammation of the throat and nasal passages,"https://onemg.gumlet.io/l_watermark_346,w_480,h_480/a_ignore,w_480,h_480,c_fit,q_auto,f_auto/95e57334d27b42d7969e7a48d58f267a.jpg"
175,Sildaprep,Treatment of Erectile dysfunction,Flushing sense of warmth in the face ears neck and trunk Headache Stiffness Nosebleeds Blurred vision Indigestion Muscle pain Upset stomach Rash,"https://onemg.gumlet.io/l_watermark_346,w_480,h_480/a_ignore,w_480,h_480,c_fit,q_auto,f_auto/cropped/zhrd5wepfcponnkdwjty.jpg"
176,Etaze-AF,Treatment of Fungal skin infections,Application site reactions burning irritation itching and redness Burning sensation Skin atrophy Skin exfoliation,"https://onemg.gumlet.io/l_watermark_346,w_480,h_480/a_ignore,w_480,h_480,c_fit,q_auto,f_auto/cropped/mohmqugbzbqcabtrkytu.jpg"
177,Mecobion-NP  SR,Treatment of Neuropathic pain,Constipation Weight gain Orthostatic hypotension sudden lowering of blood pressure on standing Increased heart rate Dizziness Sleepiness Tiredness Blurred vision Dryness in mouth Difficulty in urination Uncoordinated body movements,"https://onemg.gumlet.io/l_watermark_346,w_480,h_480/a_ignore,w_480,h_480,c_fit,q_auto,f_auto/0ee94310e0274a3d9a4b0355abeda954.jpg"
178,Vigore 100 Red,Treatment of Erectile dysfunction,Flushing sense of warmth in the face ears neck and trunk Headache Blurred vision Indigestion Muscle pain Upset stomach Rash Nasal congestion stuffy nose Dizziness Nausea,"https://onemg.gumlet.io/l_watermark_346,w_480,h_480/a_ignore,w_480,h_480,c_fit,q_auto,f_auto/cropped/hrm3m1l8dsqtgmm5r1xb.jpg"
179,Nam Cold Z, Common cold,Nausea Stomach irritation Dryness in mouth Fatigue Dizziness Sleepiness Allergic reaction Nervousness Insomnia difficulty in sleeping Restlessness Headache,"https://onemg.gumlet.io/l_watermark_346,w_480,h_480/a_ignore,w_480,h_480,c_fit,q_auto,f_auto/90ac36dd9a184d3e87d34e9a9e45fd2c.jpg"
180,Ostovit DM, Osteoarthritis,Nausea Diarrhea Constipation Indigestion Heartburn Urine discoloration,"https://onemg.gumlet.io/l_watermark_346,w_480,h_480/a_ignore,w_480,h_480,c_fit,q_auto,f_auto/cropped/vp3vmqjja32lx2ysdgjf.jpg"
181,Lipirose 10,Treatment of High cholesterol Prevention of heart attack and stroke,Muscle pain Weakness Headache Abdominal pain Dizziness Joint pain Nausea,"https://onemg.gumlet.io/l_watermark_346,w_480,h_480/a_ignore,w_480,h_480,c_fit,q_auto,f_auto/cropped/vp9fx1eaqbcjvd29sloe.jpg"
182,Lubistar 0.5%,Treatment of Dry eyes,Application site reactions burning irritation itching and redness Blurred vision,"https://onemg.gumlet.io/l_watermark_346,w_480,h_480/a_ignore,w_480,h_480,c_fit,q_auto,f_auto/2e0fe68e02414efaa699a7246066430b.jpg"
183,Tonact 10, High cholesterolPrevention of Heart attack,Dyspepsia Abdominal pain Indigestion Diarrhea Joint pain Nasopharyngitis inflammation of the throat and nasal passages Nausea Pain in extremities Urinary tract infection Abnormal liver function tests,"https://onemg.gumlet.io/l_watermark_346,w_480,h_480/a_ignore,w_480,h_480,c_fit,q_auto,f_auto/cropped/nskxcq2lbjl4no2suo12.jpg"
184,Flusid,Treatment of Bacterial skin infections Bacterial eye infections,Application site reactions burning irritation itching and redness,"https://onemg.gumlet.io/l_watermark_346,w_480,h_480/a_ignore,w_480,h_480,c_fit,q_auto,f_auto/cropped/zhyqy4ovxfcshx76hn1k.jpg"
185,Kerashine-K,Treatment of Fungal skin infectionsTreatment of Dandruff,Application site reactions burning irritation itching and redness,"https://onemg.gumlet.io/l_watermark_346,w_480,h_480/a_ignore,w_480,h_480,c_fit,q_auto,f_auto/cropped/rnpnyashlqdrb0ilz7us.jpg"
186,Tramic-MF,Treatment of Heavy menstrual bleedingTreatment of Menstrual pain,Nausea Vomiting Heartburn Indigestion Diarrhea Loss of appetite Nasal congestion stuffy nose Headache Tiredness Musculoskeletal bone muscle or joint pain Anemia low number of red blood cells Stomach pain Sinus pain Sinus inflammation,"https://onemg.gumlet.io/l_watermark_346,w_480,h_480/a_ignore,w_480,h_480,c_fit,q_auto,f_auto/cropped/mpoan7hxntrulw8xdxxj.jpg"
187,Lulirx Spray,Treatment of Fungal skin infections,Application site reactions burning irritation itching and redness Dry skin Skin peeling Blisters on skin,"https://onemg.gumlet.io/l_watermark_346,w_480,h_480/a_ignore,w_480,h_480,c_fit,q_auto,f_auto/cropped/vjvzq8fqley0x0lp2bro.jpg"
188,Mesalo Foam,Treatment of Ulcerative colitis,Rectal discomfort Flatulence Headache Vomiting Diarrhea Nausea Abdominal pain Rash,"https://onemg.gumlet.io/l_watermark_346,w_480,h_480/a_ignore,w_480,h_480,c_fit,q_auto,f_auto/cropped/gnjl0w6dwirr1euiy6pa.jpg"
189,Mucotab,Treatment of Paracetamol toxicity,Fever Nausea Vomiting Rash Gastrointestinal discomfort,"https://onemg.gumlet.io/l_watermark_346,w_480,h_480/a_ignore,w_480,h_480,c_fit,q_auto,f_auto/cropped/xxyjxuc8a0pdtw6hzyp2.jpg"
190,Telma-AM,Treatment of Hypertension (high blood pressure),Sleepiness Ankle swelling Headache Flushing sense of warmth in the face ears neck and trunk Dizziness Tiredness Palpitations Upset stomach Increased potassium level in blood,"https://onemg.gumlet.io/l_watermark_346,w_480,h_480/a_ignore,w_480,h_480,c_fit,q_auto,f_auto/cropped/ewnxn29rqnhxatqkjidl.jpg"
191,Habiccor Ointment, Skin conditions with inflammation & itching,Application site reactions burning irritation itching and redness,"https://onemg.gumlet.io/l_watermark_346,w_480,h_480/a_ignore,w_480,h_480,c_fit,q_auto,f_auto/0a74ed7c48944ca78d491abf55dc7e3a.jpg"
192,Pirfenex 600mg,Treatment of Idiopathic pulmonary fibrosis,Insomnia difficulty in sleeping Headache Dizziness Tiredness Sinus inflammation Loss of appetite Upper respiratory tract infection Weight loss Nausea Indigestion Diarrhea Photosensitivity,"https://onemg.gumlet.io/l_watermark_346,w_480,h_480/a_ignore,w_480,h_480,c_fit,q_auto,f_auto/3bd73a81cb1a4557aed25673a771e40b.jpg"
193,Terbimax-F,Treatment of Skin infections,Skin peeling Application site reactions burning irritation itching and redness,"https://onemg.gumlet.io/l_watermark_346,w_480,h_480/a_ignore,w_480,h_480,c_fit,q_auto,f_auto/cropped/grlhnkh6j1qpnv0hteog.jpg"
194,Divacon, Contraception,Nausea Headache Breast pain Abdominal pain Weight gain Depression,"https://onemg.gumlet.io/l_watermark_346,w_480,h_480/a_ignore,w_480,h_480,c_fit,q_auto,f_auto/e2634392aba44941a7ec8662370b6d6d.jpg"
195,Zerodol-PG 200/75  SR,Treatment of Neuropathic pain,Nausea Vomiting Indigestion Stomach pain Diarrhea Loss of appetite Heartburn Dryness in mouth Dizziness Sleepiness Tiredness Uncoordinated body movements,"https://onemg.gumlet.io/l_watermark_346,w_480,h_480/a_ignore,w_480,h_480,c_fit,q_auto,f_auto/cropped/owupm1alppgwfey8ga6s.jpg"
196,Diomilin-NT,Treatment of Neuropathic pain,Constipation Difficulty in urination Weight gain Sleepiness Dizziness Tiredness Blurred vision Dryness in mouth Increased heart rate Orthostatic hypotension sudden lowering of blood pressure on standing Uncoordinated body movements,"https://onemg.gumlet.io/l_watermark_346,w_480,h_480/a_ignore,w_480,h_480,c_fit,q_auto,f_auto/8f3fe339353542ec9cbccf3ef9df452e.jpg"
197,Azithral XL 200 Liquid,Treatment of Bacterial infections,Nausea Abdominal pain Diarrhea,"https://onemg.gumlet.io/l_watermark_346,w_480,h_480/a_ignore,w_480,h_480,c_fit,q_auto,f_auto/cropped/cj8p9u4eltzlhkojpkni.jpg"
198,Almotan 12.5,Treatment of Acute migraine headache,Dizziness Dryness in mouth Nausea Sleepiness Headache Paresthesia tingling or pricking sensation Vomiting,"https://onemg.gumlet.io/l_watermark_346,w_480,h_480/a_ignore,w_480,h_480,c_fit,q_auto,f_auto/tq2yffm8t7c2cn9pv39y.jpg"
199,Enderm gm,Treatment of Skin infections,Burning sensation Itching Skin pain,"https://onemg.gumlet.io/l_watermark_346,w_480,h_480/a_ignore,w_480,h_480,c_fit,q_auto,f_auto/cropped/el7isyyrb46hughivouv.jpg"
